_time,station_id,num_ebikes_available,capacity,lat,lon,name
2020-10-04 14:18:45,116,0,50,40.741776,-74.001495,W 17 St & 8 Ave
2020-10-04 14:17:34,120,1,19,40.686768,-73.95928,Lexington Ave & Classon Ave
2020-10-04 14:25:17,127,0,31,40.731724,-74.006744,Barrow St & Hudson St
2020-10-04 14:25:22,128,0,30,40.727104,-74.00297,MacDougal St & Prince St
2020-10-04 14:21:29,143,0,24,40.692394,-73.99338,Clinton St & Joralemon St
2020-10-04 14:24:38,144,0,58,40.6984,-73.98069,Nassau St & Navy St
2020-10-04 14:23:42,146,0,39,40.71625,-74.00911,Hudson St & Reade St
2020-10-04 14:20:28,150,0,55,40.720875,-73.98086,E 2 St & Avenue C
2020-10-04 14:24:29,151,0,33,40.722103,-73.997246,Cleveland Pl & Spring St
2020-10-04 14:20:59,157,0,23,40.69089,-73.996124,Henry St & Atlantic Ave
2020-10-04 14:23:31,161,0,35,40.72917,-73.9981,LaGuardia Pl & W 3 St
2020-10-04 14:22:18,173,0,70,40.760685,-73.98453,Broadway & W 49 St
2020-10-04 14:25:02,2000,2,57,40.70255,-73.9894,Front St & Washington St
2020-10-04 14:25:43,2002,1,27,40.71689,-73.963196,Wythe Ave & Metropolitan Ave
2020-10-04 14:25:42,2003,0,54,40.73381,-73.980545,1 Ave & E 18 St
2020-10-04 14:25:23,2006,3,49,40.76591,-73.97634,Central Park S & 6 Ave
2020-10-04 14:24:20,2008,1,24,40.705692,-74.01678,Little West St & 1 Pl
2020-10-04 14:21:55,2009,0,35,40.711174,-73.996826,Catherine St & Monroe St
2020-10-04 14:23:59,2010,0,65,40.7217,-74.00238,Grand St & Greene St
2020-10-04 14:20:15,2012,0,35,40.739445,-73.97681,E 27 St & 1 Ave
2020-10-04 14:23:52,2022,0,33,40.759106,-73.95922,E 60 St & York Ave
2020-10-04 14:25:46,212,1,60,40.74335,-74.00682,W 16 St & The High Line
2020-10-04 14:20:05,216,1,37,40.70038,-73.99548,Columbia Heights & Cranberry St
2020-10-04 14:25:24,217,0,39,40.70277,-73.993835,Old Fulton St
2020-10-04 14:21:14,223,0,33,40.737816,-73.99995,W 13 St & 7 Ave
2020-10-04 14:25:46,224,0,30,40.711464,-74.00552,Spruce St & Nassau St
2020-10-04 14:19:01,228,0,55,40.7546,-73.97188,E 48 St & 3 Ave
2020-10-04 14:23:17,229,0,23,40.727436,-73.99379,Great Jones St
2020-10-04 14:25:47,236,0,47,40.72842,-73.98714,St Marks Pl & 2 Ave
2020-10-04 14:25:43,237,0,39,40.730473,-73.986725,E 11 St & 2 Ave
2020-10-04 14:24:21,238,0,31,40.7362,-74.00859,Bank St & Washington St
2020-10-04 14:22:17,239,0,31,40.691967,-73.9813,Willoughby St & Fleet St
2020-10-04 14:24:42,241,0,23,40.68981,-73.97493,DeKalb Ave & S Portland Ave
2020-10-04 14:22:11,245,0,23,40.69327,-73.977036,Myrtle Ave & St Edwards St
2020-10-04 14:25:45,247,1,55,40.735355,-74.00483,Perry St & Bleecker St
2020-10-04 14:25:49,250,0,40,40.72456,-73.99565,Lafayette St & Jersey St
2020-10-04 14:25:11,251,0,27,40.72318,-73.9948,Mott St & Prince St
2020-10-04 14:17:43,252,0,33,40.732265,-73.99852,MacDougal St & Washington Sq
2020-10-04 14:23:15,254,0,47,40.735325,-73.998,W 11 St & 6 Ave
2020-10-04 14:25:31,257,0,39,40.71939,-74.00247,Lispenard St & Broadway
2020-10-04 14:22:25,258,0,23,40.689407,-73.96886,DeKalb Ave & Vanderbilt Ave
2020-10-04 14:25:45,259,0,39,40.70122,-74.012344,South St & Whitehall St
2020-10-04 14:25:10,260,0,33,40.70365,-74.01168,Broad St & Bridge St
2020-10-04 14:24:44,261,0,27,40.694748,-73.98363,Johnson St & Gold St
2020-10-04 14:23:28,262,5,24,40.691784,-73.97373,Washington Park
2020-10-04 14:19:56,264,0,27,40.707066,-74.00732,Maiden Ln & Pearl St
2020-10-04 14:25:38,265,0,35,40.722294,-73.99148,Stanton St & Chrystie St
2020-10-04 14:24:46,267,2,70,40.750977,-73.987656,Broadway & W 36 St
2020-10-04 14:20:31,268,0,27,40.719105,-73.99973,Howard St & Centre St
2020-10-04 14:19:47,274,0,31,40.68692,-73.976685,Lafayette Ave & Fort Greene Pl
2020-10-04 14:25:15,278,0,19,40.697666,-73.984764,Concord St & Bridge St
2020-10-04 14:24:50,280,0,59,40.73332,-73.9951,E 10 St & 5 Ave
2020-10-04 14:24:49,282,3,27,40.707645,-73.968414,Kent Ave & S 11 St
2020-10-04 14:23:51,284,0,43,40.739017,-74.00264,Greenwich Ave & 8 Ave
2020-10-04 14:23:13,285,1,53,40.734547,-73.99074,Broadway & E 14 St
2020-10-04 14:24:24,289,1,19,40.684566,-73.95881,Monroe St & Classon Ave
2020-10-04 14:25:10,291,0,20,40.713127,-73.98484,Madison St & Montgomery St
2020-10-04 14:20:41,293,2,55,40.730206,-73.99103,Lafayette St & E 8 St
2020-10-04 14:22:47,295,0,24,40.714066,-73.99294,Pike St & E Broadway
2020-10-04 14:25:24,297,2,77,40.734234,-73.98692,E 15 St & 3 Ave
2020-10-04 14:24:18,298,0,35,40.686832,-73.979675,3 Ave & Schermerhorn St
2020-10-04 14:23:16,301,0,58,40.722176,-73.98369,E 2 St & Avenue B
2020-10-04 14:25:15,3016,1,54,40.720367,-73.96165,Kent Ave & N 7 St
2020-10-04 14:24:41,303,2,67,40.72363,-73.9995,Mercer St & Spring St
2020-10-04 14:20:12,304,0,33,40.70463,-74.01362,Broadway & Battery Pl
2020-10-04 14:21:30,3042,0,19,40.67943,-73.92989,Fulton St & Utica Ave
2020-10-04 14:21:51,305,1,33,40.760956,-73.96725,E 58 St & 3 Ave
2020-10-04 14:19:34,3050,1,21,40.685154,-73.94111,Putnam Ave & Throop Ave
2020-10-04 14:19:32,3052,0,23,40.686314,-73.935776,Lewis Ave & Madison St
2020-10-04 14:19:49,3053,1,23,40.690083,-73.947914,Marcy Ave & Lafayette Ave
2020-10-04 14:21:30,3056,0,23,40.690727,-73.95133,Kosciuszko St & Nostrand Ave
2020-10-04 14:22:01,3057,0,18,40.691284,-73.945244,Kosciuszko St & Tompkins Ave
2020-10-04 14:20:03,3058,0,24,40.69237,-73.93706,Lewis Ave & Kosciuszko St
2020-10-04 14:22:58,3059,0,19,40.693398,-73.93988,Pulaski St & Marcus Garvey Blvd
2020-10-04 14:19:26,3060,0,19,40.694256,-73.946266,Willoughby Ave & Tompkins Ave
2020-10-04 14:24:53,3062,4,23,40.695396,-73.94955,Myrtle Ave & Marcy Ave
2020-10-04 14:25:30,3064,0,23,40.69682,-73.93757,Myrtle Ave & Lewis Ave
2020-10-04 14:21:06,3066,0,19,40.699577,-73.94708,Tompkins Ave & Hopkins St
2020-10-04 14:17:27,3067,0,27,40.701664,-73.94373,Broadway & Whipple St
2020-10-04 14:18:34,3069,0,29,40.704117,-73.94819,Lorimer St & Broadway
2020-10-04 14:24:57,307,1,30,40.714275,-73.9899,Canal St & Rutgers St
2020-10-04 14:24:43,3070,0,23,40.70511,-73.94408,McKibbin St & Manhattan Ave
2020-10-04 14:19:06,3072,0,24,40.705833,-73.94645,Leonard St & Boerum St
2020-10-04 14:20:18,3074,0,42,40.70768,-73.94016,Montrose Ave & Bushwick Ave
2020-10-04 14:22:38,3076,0,36,40.708702,-73.94486,Scholes St & Manhattan Ave
2020-10-04 14:20:02,3077,0,32,40.70877,-73.95095,Stagg St & Union Ave
2020-10-04 14:24:59,3082,2,25,40.711674,-73.951416,Hope St & Union Ave
2020-10-04 14:23:57,3083,1,32,40.712475,-73.941,Bushwick Ave & Powers St
2020-10-04 14:20:13,3085,0,25,40.71469,-73.95739,Roebling St & N 4 St
2020-10-04 14:25:44,3086,0,30,40.71514,-73.9445,Graham Ave & Conselyea St
2020-10-04 14:22:06,3087,0,30,40.714134,-73.95235,Metropolitan Ave & Meeker Ave
2020-10-04 14:24:00,309,2,41,40.714977,-74.013016,Murray St & West St
2020-10-04 14:25:14,3092,0,27,40.71901,-73.95853,Berry St & N 8 St
2020-10-04 14:25:14,3093,0,28,40.717453,-73.95851,N 6 St & Bedford Ave
2020-10-04 14:25:34,3096,0,39,40.71924,-73.95242,Union Ave & N 12 St
2020-10-04 14:21:29,310,0,66,40.68927,-73.98913,State St & Smith St
2020-10-04 14:19:01,3101,0,27,40.7208,-73.95485,N 12 St & Bedford Ave
2020-10-04 14:21:17,3102,0,27,40.72179,-73.95042,Driggs Ave & Lorimer St
2020-10-04 14:20:56,3105,0,24,40.724056,-73.955734,N 15 St & Wythe Ave
2020-10-04 14:21:12,3106,1,22,40.72325,-73.94308,Driggs Ave & N Henry St
2020-10-04 14:22:02,3109,0,31,40.72606,-73.95621,Banker St & Meserole Ave
2020-10-04 14:25:25,311,0,31,40.717228,-73.98802,Norfolk St & Broome St
2020-10-04 14:17:21,3112,1,33,40.72906,-73.95779,Milton St & Franklin St
2020-10-04 14:24:19,3113,4,27,40.73026,-73.95394,Greenpoint Ave & Manhattan Ave
2020-10-04 14:24:50,3115,4,50,40.732323,-73.955086,India St & Manhattan Ave
2020-10-04 14:24:31,3117,0,27,40.73564,-73.95866,Franklin St & Dupont St
2020-10-04 14:22:47,3118,1,42,40.73555,-73.95284,McGuinness Blvd & Eagle St
2020-10-04 14:22:01,3119,0,45,40.74233,-73.95412,Vernon Blvd & 50 Ave
2020-10-04 14:25:50,312,0,31,40.722054,-73.98911,Allen St & Stanton St
2020-10-04 14:20:17,3123,0,47,40.744698,-73.9354,31 St & Thomson Ave
2020-10-04 14:19:56,3124,1,43,40.74731,-73.95451,46 Ave & 5 St
2020-10-04 14:20:01,3126,0,34,40.74718,-73.94326,44 Dr & Jackson Ave
2020-10-04 14:17:08,3128,0,27,40.750526,-73.945946,21 St & 43 Ave
2020-10-04 14:24:35,3129,0,31,40.751102,-73.940735,Queens Plaza North & Crescent St
2020-10-04 14:17:06,313,0,55,40.696102,-73.967514,Washington Ave & Park Ave
2020-10-04 14:17:26,3130,0,30,40.753258,-73.94336,21 St & Queens Plaza North
2020-10-04 14:18:28,3131,0,31,40.767128,-73.96225,E 68 St & 3 Ave
2020-10-04 14:23:48,3132,2,35,40.763504,-73.97109,E 59 St & Madison Ave
2020-10-04 14:23:31,3134,0,51,40.763126,-73.96527,3 Ave & E 62 St
2020-10-04 14:20:43,3136,1,47,40.76637,-73.97152,5 Ave & E 63 St
2020-10-04 14:25:13,3137,0,31,40.772827,-73.96685,5 Ave & E 73 St
2020-10-04 14:25:37,3139,0,43,40.771183,-73.964096,E 72 St & Park Ave
2020-10-04 14:25:17,3140,0,55,40.771404,-73.953514,1 Ave & E 78 St
2020-10-04 14:25:50,3141,1,58,40.765007,-73.95818,1 Ave & E 68 St
2020-10-04 14:25:13,3142,1,41,40.761227,-73.96094,1 Ave & E 62 St
2020-10-04 14:25:35,3143,0,47,40.77632,-73.96427,5 Ave & E 78 St
2020-10-04 14:25:28,3145,4,45,40.778625,-73.95772,E 84 St & Park Ave
2020-10-04 14:24:52,3147,0,39,40.77801,-73.95407,E 85 St & 3 Ave
2020-10-04 14:22:50,3148,0,31,40.775654,-73.95068,E 84 St & 1 Ave
2020-10-04 14:24:17,3150,0,47,40.775368,-73.94804,E 85 St & York Ave
2020-10-04 14:22:06,3151,0,43,40.77284,-73.94989,E 81 St & York Ave
2020-10-04 14:23:34,3152,0,42,40.768738,-73.9612,3 Ave & E 71 St
2020-10-04 14:24:01,3154,0,31,40.773144,-73.958565,E 77 St & 3 Ave
2020-10-04 14:25:18,3156,0,37,40.76664,-73.95348,E 72 St & York Ave
2020-10-04 14:25:05,3158,2,31,40.771637,-73.98261,W 63 St & Broadway
2020-10-04 14:24:52,3159,1,31,40.774925,-73.982666,W 67 St & Broadway
2020-10-04 14:24:28,316,2,43,40.70956,-74.00654,Fulton St & William St
2020-10-04 14:25:49,3160,1,39,40.77897,-73.97375,Central Park West & W 76 St
2020-10-04 14:25:43,3161,0,59,40.780186,-73.97729,W 76 St & Columbus Ave
2020-10-04 14:25:43,3163,0,43,40.773407,-73.97783,Central Park West & W 68 St
2020-10-04 14:24:09,3164,0,67,40.777058,-73.97898,Columbus Ave & W 72 St
2020-10-04 14:25:43,3165,1,51,40.775795,-73.976204,Central Park West & W 72 St
2020-10-04 14:25:27,3166,0,41,40.78058,-73.98563,Riverside Dr & W 72 St
2020-10-04 14:25:10,3167,2,55,40.779667,-73.980934,Amsterdam Ave & W 73 St
2020-10-04 14:19:21,3169,1,39,40.78721,-73.98128,Riverside Dr & W 82 St
2020-10-04 14:23:57,317,0,54,40.724537,-73.98186,E 6 St & Avenue B
2020-10-04 14:25:05,3170,0,35,40.785,-73.97283,W 84 St & Columbus Ave
2020-10-04 14:23:50,3171,1,39,40.785248,-73.97668,Amsterdam Ave & W 82 St
2020-10-04 14:21:33,3172,0,27,40.77857,-73.97755,W 74 St & Columbus Ave
2020-10-04 14:21:55,3173,0,39,40.777508,-73.988884,Riverside Blvd & W 67 St
2020-10-04 14:25:03,3175,1,31,40.77748,-73.98289,W 70 St & Amsterdam Ave
2020-10-04 14:19:54,3177,1,63,40.786797,-73.97711,W 84 St & Broadway
2020-10-04 14:20:27,3178,1,39,40.784145,-73.98363,Riverside Dr & W 78 St
2020-10-04 14:24:34,3182,0,42,40.68693,-74.01697,Yankee Ferry Terminal
2020-10-04 14:25:10,3184,0,14,40.714146,-74.033554,Paulus Hook
2020-10-04 14:24:36,3186,0,42,40.719585,-74.04311,Grove St PATH
2020-10-04 14:25:12,3187,0,22,40.721123,-74.03805,Warren St
2020-10-04 14:25:37,319,0,33,40.711067,-74.009445,Fulton St & Broadway
2020-10-04 14:19:15,3196,0,18,40.74432,-74.04399,Riverview Park
2020-10-04 14:21:21,3199,0,14,40.728745,-74.032104,Newport Pkwy
2020-10-04 14:23:26,320,1,39,40.71757,-74.00555,Leonard St & Church St
2020-10-04 14:23:47,3202,0,18,40.727222,-74.03376,Newport PATH
2020-10-04 14:21:57,3203,0,26,40.727596,-74.04425,Hamilton Park
2020-10-04 14:18:53,321,0,39,40.699917,-73.989716,Cadman Plaza E & Red Cross Pl
2020-10-04 14:24:23,3211,0,22,40.721523,-74.0463,Newark Ave
2020-10-04 14:21:16,3226,1,45,40.78275,-73.97137,W 82 St & Central Park West
2020-10-04 14:22:48,3231,0,39,40.7678,-73.96592,E 67 St & Park Ave
2020-10-04 14:22:49,3232,0,47,40.68962,-73.98304,Bond St & Fulton St
2020-10-04 14:24:43,3233,2,39,40.757244,-73.97806,E 48 St & 5 Ave
2020-10-04 14:18:49,3236,0,33,40.758984,-73.9938,W 42 St & Dyer Ave
2020-10-04 14:17:32,324,2,51,40.689888,-73.98101,DeKalb Ave & Hudson Ave
2020-10-04 14:24:10,3241,2,19,40.686203,-73.944695,Monroe St & Tompkins Ave
2020-10-04 14:23:06,3243,0,29,40.758923,-73.962265,E 58 St & 1 Ave (NE Corner)
2020-10-04 14:25:44,3244,2,42,40.731438,-73.9949,University Pl & E 8 St
2020-10-04 14:25:40,3246,0,39,40.694283,-73.9923,Montague St & Clinton St
2020-10-04 14:24:41,3249,0,19,40.680355,-73.94768,Verona Pl & Fulton St
2020-10-04 14:24:40,325,0,35,40.736244,-73.98474,E 19 St & 3 Ave
2020-10-04 14:25:13,3254,0,29,40.692318,-74.01486,Soissons Landing
2020-10-04 14:24:10,3255,0,18,40.750584,-73.99468,8 Ave & W 31 St
2020-10-04 14:25:34,3256,1,23,40.727715,-74.0113,Pier 40 - Hudson River Park
2020-10-04 14:25:25,3259,0,27,40.74937,-73.99924,9 Ave & W 28 St
2020-10-04 14:25:46,326,3,41,40.729538,-73.98427,E 11 St & 1 Ave
2020-10-04 14:25:42,3260,1,45,40.727062,-73.99662,Mercer St & Bleecker St
2020-10-04 14:24:50,3263,2,59,40.729515,-73.99075,Cooper Square & Astor Pl
2020-10-04 14:20:49,3268,0,14,40.713463,-74.06286,Lafayette Park
2020-10-04 14:24:09,327,0,39,40.71534,-74.01659,Vesey Pl & River Terrace
2020-10-04 14:17:39,3270,0,14,40.72529,-74.04557,Jersey & 6th St
2020-10-04 14:20:40,3275,0,14,40.718357,-74.03892,Columbus Drive
2020-10-04 14:18:55,3278,0,14,40.725685,-74.04879,Monmouth and 6th
2020-10-04 14:24:51,328,0,23,40.724056,-74.00966,Watts St & Greenwich St
2020-10-04 14:23:15,3280,0,14,40.719284,-74.07126,Astor Place
2020-10-04 14:24:28,3282,1,38,40.78307,-73.95939,5 Ave & E 88 St
2020-10-04 14:25:31,3283,1,47,40.78822,-73.97041,W 89 St & Columbus Ave
2020-10-04 14:24:03,3284,1,38,40.78141,-73.955956,E 88 St & Park Ave
2020-10-04 14:25:33,3285,0,43,40.78839,-73.9747,W 87 St & Amsterdam Ave
2020-10-04 14:23:57,3286,0,39,40.78063,-73.95216,E 89 St & 3 Ave
2020-10-04 14:23:43,3287,0,47,40.789623,-73.97757,W 87 St & West End Ave
2020-10-04 14:25:12,3288,1,39,40.7783,-73.948814,E 88 St & 1 Ave
2020-10-04 14:25:30,3289,0,32,40.79018,-73.97289,W 90 St & Amsterdam Ave
2020-10-04 14:21:32,3292,0,43,40.785786,-73.95748,5 Ave & E 93 St
2020-10-04 14:18:56,3293,1,24,40.7921,-73.9739,W 92 St & Broadway
2020-10-04 14:22:31,3294,1,38,40.7835,-73.95533,E 91 St & Park Ave
2020-10-04 14:23:44,3296,3,42,40.782455,-73.94892,E 93 St & 2 Ave
2020-10-04 14:20:43,3298,0,23,40.68637,-73.993835,Warren St & Court St
2020-10-04 14:17:30,330,0,39,40.714504,-74.00563,Reade St & Broadway
2020-10-04 14:25:03,3300,0,25,40.665146,-73.97638,Prospect Park West & 8 St
2020-10-04 14:25:49,3301,1,39,40.791954,-73.96809,Columbus Ave & W 95 St
2020-10-04 14:24:50,3302,0,22,40.796936,-73.96434,Columbus Ave & W 103 St
2020-10-04 14:25:02,3304,0,27,40.668125,-73.98378,6 Ave & 9 St
2020-10-04 14:25:26,3305,1,39,40.781124,-73.94965,E 91 St & 2 Ave
2020-10-04 14:23:46,3306,0,23,40.666206,-73.982,10 St & 7 Ave
2020-10-04 14:19:31,3308,2,27,40.686176,-73.99645,Kane St & Clinton St
2020-10-04 14:23:25,331,0,27,40.71173,-73.99193,Pike St & Monroe St
2020-10-04 14:24:49,3310,0,24,40.66378,-73.98397,14 St & 7 Ave
2020-10-04 14:21:30,3311,0,21,40.68763,-74.001625,Columbia St & Kane St
2020-10-04 14:22:23,3312,0,38,40.781723,-73.94594,1 Ave & E 94 St
2020-10-04 14:23:20,3313,1,29,40.666317,-73.98546,6 Ave & 12 St
2020-10-04 14:22:52,3317,1,24,40.66863,-73.987,10 St & 5 Ave
2020-10-04 14:24:28,3318,1,39,40.783962,-73.94717,2 Ave & E 96 St
2020-10-04 14:24:53,3319,2,21,40.666286,-73.98895,14 St & 5 Ave
2020-10-04 14:22:51,332,0,36,40.7122,-73.979485,Cherry St
2020-10-04 14:19:13,3321,0,25,40.683117,-73.997856,Clinton St & Union St
2020-10-04 14:20:40,3323,0,59,40.798187,-73.960594,W 106 St & Central Park West
2020-10-04 14:19:00,3327,0,27,40.78772,-73.94728,3 Ave & E 100 St
2020-10-04 14:23:33,3328,0,39,40.795,-73.9645,W 100 St & Manhattan Ave
2020-10-04 14:24:17,3329,0,27,40.682915,-73.99318,Degraw St & Smith St
2020-10-04 14:25:33,3331,2,39,40.801342,-73.971146,Riverside Dr & W 104 St
2020-10-04 14:25:21,3332,0,19,40.68199,-73.99079,Degraw St & Hoyt St
2020-10-04 14:24:33,3335,0,28,40.677273,-73.98282,Union St & 4 Ave
2020-10-04 14:21:01,3336,1,41,40.7878,-73.95356,E 97 St & Madison Ave
2020-10-04 14:21:33,3338,0,31,40.78626,-73.945526,2 Ave & E 99 St
2020-10-04 14:25:37,334,0,31,40.74239,-73.99726,W 20 St & 7 Ave
2020-10-04 14:25:20,3344,0,19,40.679043,-74.01117,Pioneer St & Van Brunt St
2020-10-04 14:24:37,3346,0,29,40.675148,-73.975235,Berkeley Pl & 7 Ave
2020-10-04 14:23:10,3349,0,30,40.672966,-73.97088,Grand Army Plaza & Plaza St West
2020-10-04 14:18:50,335,1,27,40.72904,-73.99405,Washington Pl & Broadway
2020-10-04 14:23:57,3350,0,39,40.79737,-73.97041,W 100 St & Broadway
2020-10-04 14:23:47,3351,0,25,40.786995,-73.94165,E 102 St & 1 Ave
2020-10-04 14:25:17,3354,0,31,40.668133,-73.97364,3 St & Prospect Park West
2020-10-04 14:25:14,3355,0,25,40.76801,-73.96845,E 66 St & Madison Ave
2020-10-04 14:22:29,3356,0,21,40.774666,-73.9847,Amsterdam Ave & W 66 St
2020-10-04 14:20:31,3357,0,35,40.800835,-73.966446,W 106 St & Amsterdam Ave
2020-10-04 14:25:11,3358,0,25,40.671196,-73.97484,Garfield Pl & 8 Ave
2020-10-04 14:17:40,3359,1,41,40.769157,-73.96703,E 68 St & Madison Ave
2020-10-04 14:25:05,336,1,36,40.730476,-73.99906,Sullivan St & Washington Sq
2020-10-04 14:20:56,3361,0,23,40.674088,-73.97873,Carroll St & 6 Ave
2020-10-04 14:21:16,3362,0,34,40.77813,-73.96069,Madison Ave & E 82 St
2020-10-04 14:25:04,3364,0,27,40.675163,-73.98148,Carroll St & 5 Ave
2020-10-04 14:23:53,3365,1,27,40.670383,-73.97839,3 St & 7 Ave
2020-10-04 14:22:23,3366,3,31,40.802116,-73.96818,West End Ave & W 107 St
2020-10-04 14:23:29,3367,1,39,40.792255,-73.9525,5 Ave & E 103 St
2020-10-04 14:21:28,3368,1,30,40.672817,-73.98352,5 Ave & 3 St
2020-10-04 14:17:39,3369,0,29,40.77246,-73.94682,E 82 St & East End Ave
2020-10-04 14:24:45,3370,0,25,40.772797,-73.95578,E 78 St & 2 Ave
2020-10-04 14:19:27,3372,0,39,40.768974,-73.95483,E 74 St & 1 Ave
2020-10-04 14:25:13,3374,1,36,40.799484,-73.95561,Central Park North & Adam Clayton Powell Blvd
2020-10-04 14:24:00,3375,0,35,40.769943,-73.96061,3 Ave & E 72 St
2020-10-04 14:23:53,3378,0,28,40.77376,-73.96222,E 76 St & Park Ave
2020-10-04 14:24:31,3382,1,31,40.68061,-73.99476,Carroll St & Smith St
2020-10-04 14:23:49,3383,0,25,40.804214,-73.96699,Cathedral Pkwy & Broadway
2020-10-04 14:21:03,3386,0,27,40.680958,-73.999054,1 Pl & Clinton St
2020-10-04 14:22:03,3387,1,25,40.793434,-73.94945,E 106 St & Madison Ave
2020-10-04 14:25:47,3392,0,19,40.681213,-74.008606,Commerce St & Van Brunt St
2020-10-04 14:20:58,3396,0,25,40.678356,-74.000145,Clinton St & 4 Place
2020-10-04 14:22:41,3397,0,25,40.676395,-73.998695,Court St & Nelson St
2020-10-04 14:24:42,3398,0,23,40.674694,-73.997856,Smith St & 9 St
2020-10-04 14:19:41,3399,0,24,40.672604,-73.98983,7 St & 3 Ave
2020-10-04 14:22:01,340,0,27,40.712692,-73.98776,Madison St & Clinton St
2020-10-04 14:24:36,3400,0,24,40.796154,-73.94782,E 110 St & Madison Ave
2020-10-04 14:25:34,3403,0,31,40.670513,-73.98877,4 Ave & 9 St
2020-10-04 14:20:42,3408,0,27,40.688152,-73.99521,Congress St & Clinton St
2020-10-04 14:22:52,3409,0,35,40.686745,-73.99063,Bergen St & Smith St
2020-10-04 14:25:49,3414,2,33,40.680946,-73.97567,Bergen St & Flatbush Ave
2020-10-04 14:21:38,3415,0,25,40.67933,-73.9752,Prospect Pl & 6 Ave
2020-10-04 14:18:56,3416,1,25,40.677616,-73.97324,7 Ave & Park Pl
2020-10-04 14:25:30,3418,1,33,40.675022,-73.971115,Plaza St West & Flatbush Ave
2020-10-04 14:22:56,3419,0,27,40.67928,-73.98154,Douglass St & 4 Ave
2020-10-04 14:18:54,342,0,29,40.7174,-73.98016,Columbia St & Rivington St
2020-10-04 14:25:05,3420,0,21,40.680214,-73.98433,Douglass St & 3 Ave
2020-10-04 14:25:01,3422,0,21,40.68593,-74.002426,Columbia St & Degraw St
2020-10-04 14:25:45,3423,1,29,40.661064,-73.979454,West Drive & Prospect Park West
2020-10-04 14:21:04,3425,0,33,40.78921,-73.94371,2 Ave & E 104 St
2020-10-04 14:22:20,3429,1,39,40.685066,-73.977905,Hanson Pl & Ashland Pl
2020-10-04 14:25:13,3435,6,45,40.718822,-73.99596,Grand St & Elizabeth St
2020-10-04 14:25:03,3436,0,35,40.721317,-74.01006,Greenwich St & Hubert St
2020-10-04 14:22:04,3437,1,39,40.793137,-73.977005,Riverside Dr & W 91 St
2020-10-04 14:20:40,3440,0,43,40.692417,-73.989494,Fulton St & Adams St
2020-10-04 14:21:14,3443,2,40,40.76133,-73.97982,W 52 St & 6 Ave
2020-10-04 14:25:09,3452,0,43,40.719154,-73.94885,Bayard St & Leonard St
2020-10-04 14:23:30,3453,0,19,40.713352,-73.949104,Devoe St & Lorimer St
2020-10-04 14:23:14,3456,0,22,40.71638,-73.94821,Jackson St & Leonard St
2020-10-04 14:25:20,3457,0,46,40.763027,-73.97209,E 58 St & Madison Ave
2020-10-04 14:25:12,346,1,27,40.73653,-74.00618,Bank St & Hudson St
2020-10-04 14:25:36,3461,0,33,40.71485,-74.01122,Murray St & Greenwich St
2020-10-04 14:24:00,3463,0,37,40.735367,-73.987976,E 16 St & Irving Pl
2020-10-04 14:25:03,3467,0,44,40.724945,-74.001656,W Broadway & Spring St
2020-10-04 14:23:26,347,0,35,40.728848,-74.00859,Greenwich St & W Houston St
2020-10-04 14:23:56,3472,1,39,40.742752,-74.00748,W 15 St & 10 Ave
2020-10-04 14:25:41,3479,3,45,40.685127,-74.02535,Picnic Point
2020-10-04 14:19:22,3481,0,22,40.71649,-74.04105,York St
2020-10-04 14:25:25,3486,0,30,40.688416,-73.98452,Schermerhorn St & Bond St
2020-10-04 14:24:06,349,0,61,40.718502,-73.9833,Rivington St & Ridge St
2020-10-04 14:19:28,3490,1,31,40.79688,-73.93726,E 116 St & 2 Ave
2020-10-04 14:17:10,3491,0,24,40.79747,-73.93504,E 118 St & 1 Ave
2020-10-04 14:22:34,3492,0,27,40.800537,-73.94199,E 118 St & Park Ave
2020-10-04 14:23:50,3493,1,31,40.799137,-73.93891,E 118 St & 3 Ave
2020-10-04 14:17:25,3494,0,25,40.797913,-73.9423,E 115 St & Lexington Ave
2020-10-04 14:24:21,3497,1,23,40.794987,-73.933334,Pleasant Ave & E 116 St
2020-10-04 14:24:57,3498,1,21,40.797478,-73.93118,Pleasant Ave & E 120 St
2020-10-04 14:22:26,350,0,28,40.715595,-73.98703,Clinton St & Grand St
2020-10-04 14:25:24,3504,0,27,40.802925,-73.9379,E 123 St & Lexington Ave
2020-10-04 14:23:49,3505,0,33,40.805725,-73.936325,Lexington Ave & E 127 St
2020-10-04 14:19:21,3506,0,29,40.801308,-73.93982,Lexington Ave & E 120 St
2020-10-04 14:24:33,3507,1,36,40.804554,-73.93969,Park Ave & E 124 St
2020-10-04 14:18:32,3508,2,31,40.809727,-73.95315,St Nicholas Ave & Manhattan Ave
2020-10-04 14:23:48,3509,0,31,40.801193,-73.95007,Lenox Ave & W 115 St
2020-10-04 14:24:46,351,0,39,40.70531,-74.00613,Front St & Maiden Ln
2020-10-04 14:24:56,3510,0,31,40.80783,-73.94937,Adam Clayton Powell Blvd & W 123 St
2020-10-04 14:20:55,3516,0,31,40.769917,-73.9184,31 St & Astoria Blvd
2020-10-04 14:23:03,3518,0,34,40.80844,-73.945206,Lenox Ave & W 126 St
2020-10-04 14:22:26,3521,0,36,40.798786,-73.9523,Lenox Ave & W 111 St
2020-10-04 14:22:04,3523,0,25,40.7729,-73.916145,24 Ave & 29 St
2020-10-04 14:25:28,3527,0,27,40.80698,-73.94175,5 Ave & E 126 St
2020-10-04 14:24:09,3531,2,27,40.81255,-73.94923,Frederick Douglass Blvd & W 129 St
2020-10-04 14:19:43,3533,0,34,40.81143,-73.95188,St. Nicholas Ave & W 126 St
2020-10-04 14:25:47,3534,0,39,40.80516,-73.95469,Frederick Douglass Blvd & W 117 St
2020-10-04 14:23:36,3535,1,27,40.80404,-73.94592,Mt Morris Park W & W 120 St
2020-10-04 14:21:25,3536,0,43,40.8082,-73.9641,W 116 St & Broadway
2020-10-04 14:24:28,3537,0,29,40.680973,-73.97101,Carlton Ave & Dean St
2020-10-04 14:21:54,3538,0,45,40.802692,-73.96295,W 110 St & Amsterdam Ave
2020-10-04 14:20:43,3539,0,43,40.80676,-73.96071,W 116 St & Amsterdam Ave
2020-10-04 14:25:23,354,2,47,40.69363,-73.962234,Emerson Pl & Myrtle Ave
2020-10-04 14:20:10,3541,0,39,40.81336,-73.95646,Amsterdam Ave & W 125 St
2020-10-04 14:19:42,3542,0,29,40.808624,-73.95962,Amsterdam Ave & W 119 St
2020-10-04 14:20:51,3543,0,35,40.810284,-73.95737,Morningside Dr & Amsterdam Ave
2020-10-04 14:21:05,3544,1,27,40.680485,-73.964676,Underhill Ave & Pacific St
2020-10-04 14:22:50,3547,0,41,40.814327,-73.95902,Broadway & Moylan Pl
2020-10-04 14:25:45,3549,1,25,40.678043,-73.96241,Grand Ave & Bergen St
2020-10-04 14:23:04,355,0,43,40.716022,-73.99974,Bayard St & Baxter St
2020-10-04 14:22:41,3551,0,23,40.79551,-73.941605,3 Ave & E 112 St
2020-10-04 14:22:29,3553,0,37,40.801693,-73.957146,Frederick Douglass Blvd & W 112 St
2020-10-04 14:25:06,3554,1,27,40.75524,-73.94857,Vernon Blvd & 41 Rd
2020-10-04 14:25:36,3558,1,27,40.67944,-73.96804,Bergen St & Vanderbilt Ave
2020-10-04 14:17:58,3561,0,26,40.75311,-73.92799,37 Ave & 35 St
2020-10-04 14:22:17,3564,0,19,40.760185,-73.93627,21 St & 36 Ave
2020-10-04 14:18:31,3566,0,25,40.75963,-73.932144,Crescent St & 35 Ave
2020-10-04 14:23:52,3569,1,29,40.67583,-73.95617,Franklin Ave & St Marks Ave
2020-10-04 14:17:40,3571,0,24,40.67637,-73.95292,Bedford Ave & Bergen St
2020-10-04 14:23:31,3572,2,33,40.756912,-73.92163,34 Ave & 38 St
2020-10-04 14:23:35,3573,0,25,40.758057,-73.92428,35 St & 34 Ave
2020-10-04 14:19:47,3574,2,23,40.676968,-73.96579,Prospect Pl & Underhill Ave
2020-10-04 14:25:27,3576,2,27,40.6767,-73.969025,Park Pl & Vanderbilt Ave
2020-10-04 14:25:25,3578,0,21,40.67418,-73.9565,Park Pl & Franklin Ave
2020-10-04 14:20:40,3579,0,25,40.672695,-73.95413,Sterling Pl & Bedford Ave
2020-10-04 14:25:18,358,1,50,40.732914,-74.00711,Christopher St & Greenwich St
2020-10-04 14:23:11,3580,3,30,40.673725,-73.96316,St Johns Pl & Washington Ave
2020-10-04 14:25:28,3581,0,27,40.67401,-73.96715,Underhill Ave & Lincoln Pl
2020-10-04 14:23:29,3582,1,28,40.67217,-73.9609,Lincoln Pl & Classon Ave
2020-10-04 14:24:53,3583,0,31,40.67165,-73.96311,Eastern Pkwy & Washington Ave
2020-10-04 14:23:42,3584,0,42,40.670776,-73.95768,Eastern Pkwy & Franklin Ave
2020-10-04 14:20:02,3587,0,27,40.668674,-73.961815,Carroll St & Washington Ave
2020-10-04 14:22:30,3588,0,21,40.767185,-73.937355,Vernon Blvd & 10 St
2020-10-04 14:20:30,3589,0,19,40.7668,-73.93478,Broadway & 12 St
2020-10-04 14:23:47,3592,0,19,40.76336,-73.92865,Crescent St & Broadway
2020-10-04 14:21:43,3593,0,35,40.761585,-73.92592,31 St & Broadway
2020-10-04 14:24:23,3598,0,19,40.75957,-73.91427,Newton Rd & 44 St
2020-10-04 14:24:45,360,0,39,40.70718,-74.00887,William St & Pine St
2020-10-04 14:25:42,3600,1,27,40.76115,-73.91701,31 Ave & Steinway St
2020-10-04 14:25:27,3602,0,23,40.763153,-73.92083,31 Ave & 34 St
2020-10-04 14:18:55,3603,0,21,40.7647,-73.924034,31 Ave & 30 St
2020-10-04 14:20:25,3604,0,17,40.663063,-73.95387,Rogers Ave & Sterling St
2020-10-04 14:24:11,3608,0,21,40.742374,-73.9566,5 St & 51 Ave
2020-10-04 14:23:54,3609,0,23,40.76925,-73.93545,Vernon Blvd & 31 Ave
2020-10-04 14:23:30,361,1,43,40.716057,-73.991905,Allen St & Hester St
2020-10-04 14:21:09,3610,0,27,40.770844,-73.93417,Vernon Blvd & 30 Rd
2020-10-04 14:23:49,3611,1,31,40.744907,-73.95346,Vernon Blvd & 47 Rd
2020-10-04 14:25:44,3612,0,15,40.770374,-73.928604,30 Ave & 21 St
2020-10-04 14:24:19,3613,1,27,40.745037,-73.95754,Center Blvd & 48 Ave
2020-10-04 14:24:03,3618,0,33,40.7485,-73.94128,27 St & Hunter St
2020-10-04 14:22:28,362,0,57,40.751728,-73.98753,Broadway & W 37 St
2020-10-04 14:22:15,3628,0,31,40.802555,-73.94908,Lenox Ave & W 117 St
2020-10-04 14:21:15,3629,0,33,40.809494,-73.94776,Adam Clayton Powell Blvd & W 126 St
2020-10-04 14:25:48,363,1,49,40.708347,-74.017136,West Thames St
2020-10-04 14:25:41,3630,0,33,40.803864,-73.95593,Frederick Douglass Blvd & W 115 St
2020-10-04 14:24:49,3635,0,43,40.754623,-73.99517,W 36 St & 9 Ave
2020-10-04 14:24:35,3637,1,31,40.68324,-73.965996,Fulton St & Waverly Ave
2020-10-04 14:19:46,364,0,27,40.689003,-73.960236,Lafayette Ave & Classon Ave
2020-10-04 14:20:58,3640,0,18,40.73367,-74.0625,Journal Square
2020-10-04 14:22:41,3641,0,54,40.74287,-73.98919,Broadway & W 25 St
2020-10-04 14:22:53,3647,0,23,40.741283,-73.937256,48 Ave & 30 Pl
2020-10-04 14:25:49,3648,0,25,40.69795,-73.97078,Flushing Ave & Vanderbilt Ave
2020-10-04 14:24:19,3656,0,46,40.723076,-73.98584,E 2 St & Avenue A
2020-10-04 14:21:19,3658,0,27,40.743534,-74.00368,W 18 St & 9 Ave
2020-10-04 14:23:53,366,0,33,40.69326,-73.968895,Clinton Ave & Myrtle Ave
2020-10-04 14:24:32,3664,1,30,40.720196,-74.0103,North Moore St & Greenwich St
2020-10-04 14:21:16,3668,0,26,40.723957,-73.949844,Leonard St & Nassau Ave
2020-10-04 14:23:54,367,2,43,40.75828,-73.970695,E 53 St & Lexington Ave
2020-10-04 14:23:17,3671,0,37,40.77478,-73.95428,E 81 St & 2 Ave
2020-10-04 14:25:42,3673,0,21,40.677593,-73.955635,Dean St & Franklin Ave
2020-10-04 14:25:27,3676,4,24,40.675835,-74.014725,Van Brunt St & Van Dyke St
2020-10-04 14:22:37,3678,0,18,40.725727,-74.07196,Fairmount Ave
2020-10-04 14:25:48,368,0,43,40.730385,-74.00215,Carmine St & 6 Ave
2020-10-04 14:22:26,3681,0,18,40.71518,-74.03768,Grand St
2020-10-04 14:24:25,3686,1,39,40.73945,-74.00507,Gansevoort St & Hudson St
2020-10-04 14:25:21,3687,0,83,40.743225,-73.974495,E 33 St & 1 Ave
2020-10-04 14:20:46,3689,0,47,40.79904,-73.96649,W 104 St & Amsterdam Ave
2020-10-04 14:23:10,369,0,60,40.732243,-74.00027,Washington Pl & 6 Ave
2020-10-04 14:22:50,3690,0,36,40.71334,-74.00935,Park Pl & Church St
2020-10-04 14:24:48,3691,1,19,40.764088,-73.91065,28 Ave & 44 St
2020-10-04 14:19:41,3693,0,27,40.72248,-73.95922,N 11 St & Kent Ave
2020-10-04 14:25:00,3697,0,43,40.775158,-73.98919,W 64 St & Thelonious Monk Circle
2020-10-04 14:24:26,3699,0,30,40.763603,-73.98918,W 50 St & 9 Ave
2020-10-04 14:24:22,3707,0,55,40.74146,-73.98329,Lexington Ave & E 26 St
2020-10-04 14:23:25,3708,1,29,40.735443,-73.99431,W 13 St & 5 Ave
2020-10-04 14:25:32,3709,0,51,40.738045,-73.99643,W 15 St & 6 Ave
2020-10-04 14:23:29,3711,1,47,40.729668,-73.98068,E 13 St & Avenue A
2020-10-04 14:24:58,3712,0,41,40.754692,-73.9974,W 35 St & Dyer Ave
2020-10-04 14:21:35,3714,0,61,40.70684,-73.95444,Division Ave & Hooper St
2020-10-04 14:25:41,3716,0,23,40.7536,-73.93796,40 Ave & Crescent St
2020-10-04 14:25:12,3718,0,46,40.727463,-73.97951,E 11 St & Avenue B
2020-10-04 14:23:37,372,0,27,40.694546,-73.958015,Franklin Ave & Myrtle Ave
2020-10-04 14:24:16,3723,0,30,40.695316,-73.99016,Cadman Plaza E & Johnson St
2020-10-04 14:22:51,3724,0,39,40.76674,-73.97907,7 Ave & Central Park South
2020-10-04 14:25:32,3725,0,41,40.76876,-73.958405,2 Ave & E 72 St
2020-10-04 14:20:26,3726,0,23,40.743366,-73.95961,Center Blvd & 51 Ave
2020-10-04 14:25:27,3727,1,38,40.717663,-73.9488,Frost St & Meeker Ave
2020-10-04 14:22:59,373,0,19,40.693317,-73.95382,Willoughby Ave & Walworth St
2020-10-04 14:18:29,3731,0,46,40.758396,-73.98255,W 47 St & 6 Ave
2020-10-04 14:22:56,3734,0,50,40.759125,-73.96266,E 58 St &  1 Ave (NW Corner)
2020-10-04 14:22:51,3735,0,38,40.752693,-74.00235,W 30 St & 10 Ave
2020-10-04 14:25:14,3737,1,35,40.72075,-73.986275,Stanton St & Norfolk St
2020-10-04 14:21:07,3739,1,37,40.735916,-74.00094,Perry St & Greenwich Ave
2020-10-04 14:25:48,3740,2,34,40.72638,-74.00047,W Broadway & W Houston St
2020-10-04 14:24:06,3744,0,51,40.725864,-73.98639,1 Ave & E 5 St
2020-10-04 14:24:00,3745,0,27,40.75651,-73.92957,36 Ave & 31 St
2020-10-04 14:25:36,3746,0,48,40.724308,-74.00473,6 Ave & Broome St
2020-10-04 14:18:12,3755,0,19,40.690647,-73.95746,DeKalb Ave & Franklin Ave
2020-10-04 14:25:39,3758,0,19,40.702995,-73.92997,George St & Wilson Ave
2020-10-04 14:17:45,3759,0,19,40.70538,-73.92535,Irving Ave & Jefferson St
2020-10-04 14:24:53,376,0,43,40.708622,-74.007225,John St & William St
2020-10-04 14:25:19,3762,2,27,40.67703,-73.9865,3 Ave & Carroll St
2020-10-04 14:20:44,3763,0,27,40.707165,-73.92371,Wyckoff Av & Jefferson St
2020-10-04 14:22:25,3767,0,19,40.71323,-73.93894,Powers St & Olive St
2020-10-04 14:20:33,3769,2,23,40.707172,-73.93581,White St & Johnson Ave
2020-10-04 14:25:34,377,1,48,40.72244,-74.00566,6 Ave & Canal St
2020-10-04 14:25:19,3770,0,21,40.70283,-73.9333,Central Ave & Flushing Ave
2020-10-04 14:25:41,3772,0,19,40.71381,-73.93515,Devoe St & Morgan Ave
2020-10-04 14:24:00,3782,1,31,40.69846,-73.99718,Brooklyn Bridge Park - Pier 2
2020-10-04 14:21:09,3783,0,73,40.70838,-74.00495,Cliff St & Fulton St
2020-10-04 14:25:03,3785,0,37,40.75492,-73.98455,W 42 St & 6 Ave
2020-10-04 14:22:36,3786,0,49,40.71419,-73.996735,Division St & Bowery
2020-10-04 14:23:52,3787,0,22,40.69985,-73.97141,Dock 72 Way & Market St
2020-10-04 14:18:21,379,1,42,40.749157,-73.9916,W 31 St & 7 Ave
2020-10-04 14:21:31,3790,1,37,40.7003,-73.991585,Henry St & Middagh St
2020-10-04 14:21:09,3798,0,55,40.75227,-73.98208,W 40 St & 5 Ave
2020-10-04 14:25:31,3799,0,67,40.74964,-73.98805,6 Ave & W 34 St
2020-10-04 14:24:42,380,0,42,40.734013,-74.00294,W 4 St & 7 Ave S
2020-10-04 14:20:48,3803,0,27,40.665817,-73.95693,Bedford Ave & Montgomery St
2020-10-04 14:21:13,3804,0,24,40.70246,-73.98684,Front St & Jay St
2020-10-04 14:22:10,3809,3,53,40.763187,-73.97843,W 55 St & 6 Ave
2020-10-04 14:19:59,3811,0,19,40.77485,-73.9342,27 Ave & 3 St
2020-10-04 14:24:38,3812,1,49,40.734814,-73.99209,University Pl & E 14 St
2020-10-04 14:22:06,3813,1,49,40.745686,-74.00514,W 20 St & 10 Ave
2020-10-04 14:22:46,3815,0,41,40.755295,-73.96764,E 51 St & 2 Ave
2020-10-04 14:21:02,3818,0,40,40.72984,-73.94839,Calyer St & Jewel St
2020-10-04 14:21:30,3820,0,19,40.69757,-73.93098,Willoughby Ave & Myrtle Ave
2020-10-04 14:18:40,3821,0,25,40.70106,-73.93318,Evergreen Ave & Noll St
2020-10-04 14:22:43,3822,0,20,40.70076,-73.93641,Bushwick Ave & Forrest St
2020-10-04 14:22:21,3823,0,30,40.70099,-73.93921,Beaver St & Fayette St
2020-10-04 14:20:58,3824,4,23,40.6786,-73.90369,Van Sinderen Ave & Truxton St
2020-10-04 14:23:48,3829,0,24,40.6882,-73.90798,Central Ave & Decatur St
2020-10-04 14:25:05,383,2,39,40.735237,-74.000275,Greenwich Ave & Charles St
2020-10-04 14:23:28,3830,0,22,40.68858,-73.91227,Halsey St & Evergreen Ave
2020-10-04 14:21:41,3831,0,35,40.68663,-73.9168,Broadway & Hancock St
2020-10-04 14:25:39,3837,2,29,40.69329,-73.92852,Broadway & Kosciuszko St
2020-10-04 14:24:22,3843,0,23,40.69905,-73.91516,Myrtle Ave & Grove St
2020-10-04 14:20:49,3846,0,25,40.69676,-73.92302,Central Ave & Himrod St
2020-10-04 14:20:08,3847,0,25,40.69671,-73.92807,Cedar St & Evergreen Ave
2020-10-04 14:25:29,385,0,29,40.757973,-73.966034,E 55 St & 2 Ave
2020-10-04 14:17:19,3855,1,22,40.71882,-73.93948,Frost St & Debevoise Ave
2020-10-04 14:23:17,3856,0,25,40.72577,-73.94173,Kingsland Ave & Nassau Ave
2020-10-04 14:25:13,3860,1,26,40.70166,-73.92754,Wilson Ave & Troutman St
2020-10-04 14:25:47,3861,0,20,40.70113,-73.91422,Menahan St & Wyckoff Ave
2020-10-04 14:22:23,3867,1,29,40.67945,-73.90474,Somers St & Broadway
2020-10-04 14:24:26,387,0,39,40.712734,-74.00461,Centre St & Chambers St
2020-10-04 14:22:55,3877,3,25,40.70555,-73.90245,Madison St & Forest Ave
2020-10-04 14:23:05,3881,1,39,40.8183,-73.9604,12 Ave & W 125 St
2020-10-04 14:21:55,3887,0,21,40.71246,-73.91873,Flushing Ave & Woodward Ave
2020-10-04 14:17:42,3888,1,19,40.70793,-73.91092,Woodward Ave & Harman St
2020-10-04 14:24:08,389,0,24,40.710445,-73.96525,Broadway & Berry St
2020-10-04 14:25:46,390,0,31,40.692215,-73.98428,Duffield St & Willoughby St
2020-10-04 14:19:11,3900,0,30,40.72226,-73.93889,Morgan Ave & Lombardy St
2020-10-04 14:22:46,3905,0,27,40.732647,-73.99011,4 Ave & E 12 St
2020-10-04 14:25:35,3906,1,32,40.711445,-74.01485,West St & Liberty St
2020-10-04 14:18:39,3910,0,17,40.709698,-73.90786,Greene Ave & Grandview Ave
2020-10-04 14:25:11,3914,1,39,40.783787,-73.98169,West End Ave & W 78 St
2020-10-04 14:24:25,3916,0,45,40.708485,-74.002754,Pearl St & Peck Slip
2020-10-04 14:25:09,3919,0,37,40.70437,-74.00637,Wall St & South St
2020-10-04 14:19:27,392,1,35,40.695065,-73.98717,Jay St & Tech Pl
2020-10-04 14:17:31,3920,0,19,40.810223,-73.937195,E 132 St & Madison Ave
2020-10-04 14:17:41,3925,0,21,40.812305,-73.92915,E 138 St & Canal St W
2020-10-04 14:18:22,3926,0,20,40.81014,-73.93973,5 Ave & W 131 St
2020-10-04 14:25:25,3927,0,27,40.81296,-73.94188,Lenox Ave & W 133 St
2020-10-04 14:22:38,393,0,37,40.722992,-73.97996,E 5 St & Avenue C
2020-10-04 14:23:08,3930,1,19,40.812737,-73.9237,E 142 St & 3 Ave
2020-10-04 14:24:53,3932,0,23,40.816574,-73.927986,Grand Concourse & E 144 St
2020-10-04 14:17:12,3934,0,27,40.816235,-73.94822,St Nicholas Ave & E 134 St
2020-10-04 14:24:43,3939,0,21,40.800934,-73.913864,Willow Ave & E 133 St
2020-10-04 14:17:21,394,0,34,40.725212,-73.977684,E 9 St & Avenue C
2020-10-04 14:24:13,396,0,25,40.680344,-73.95577,Lefferts Pl & Franklin Ave
2020-10-04 14:18:54,3960,0,21,40.822758,-73.95135,Hamilton Pl & W 140 St
2020-10-04 14:21:06,3963,0,31,40.816826,-73.917336,Melrose Ave & E 150 St
2020-10-04 14:20:57,3965,0,19,40.814045,-73.91186,E 149 St & Eagle Ave
2020-10-04 14:21:49,398,2,31,40.69165,-73.99998,Atlantic Ave & Furman St
2020-10-04 14:17:18,3982,0,21,40.817165,-73.914734,Bergen Ave & E 152 St
2020-10-04 14:23:01,3995,0,21,40.81219,-73.937836,5 Ave & E 135 St
2020-10-04 14:24:39,3996,1,24,40.806416,-73.93609,Lexington Ave & E 128 St
2020-10-04 14:23:05,3999,0,23,40.81696,-73.9423,Adam Clayton Powell Blvd & W 138 St
2020-10-04 14:18:16,4004,0,21,40.820683,-73.945145,Edgecombe Ave & W 141 St
2020-10-04 14:24:27,4007,1,30,40.82317,-73.95586,Riverside Dr & W 138 St
2020-10-04 14:23:54,401,3,42,40.720196,-73.989975,Allen St & Rivington St
2020-10-04 14:19:50,4016,0,22,40.812347,-73.94617,Adam Clayton Powell Blvd & W 130 St
2020-10-04 14:24:11,402,1,39,40.740345,-73.98955,Broadway & E 22 St
2020-10-04 14:23:23,4020,1,22,40.825127,-73.94161,Bradhurst Ave & W 148 St
2020-10-04 14:19:23,4021,0,21,40.813225,-73.9306,E 138 St & Grand Concourse
2020-10-04 14:21:13,4023,0,24,40.81924,-73.941055,Adam Clayton Powell Blvd & W 141 St
2020-10-04 14:20:35,4027,0,23,40.83066,-73.94132,St. Nicholas Ave & W 155 St
2020-10-04 14:22:00,4028,0,19,40.830704,-73.93637,Frederick Douglass Blvd & Harlem River Dr
2020-10-04 14:25:46,403,0,31,40.72503,-73.9907,E 2 St & 2 Ave
2020-10-04 14:23:44,4036,0,36,40.76391,-73.94772,Motorgate
2020-10-04 14:23:25,4037,0,39,40.757282,-73.9536,Roosevelt Island Tramway
2020-10-04 14:25:08,4043,0,24,40.782536,-73.97909,W 78 St & Amsterdam Ave
2020-10-04 14:23:44,4044,0,49,40.75461,-73.99177,8 Ave & W 38 St
2020-10-04 14:23:57,4045,0,39,40.77237,-73.99005,West End Ave & W 60 St
2020-10-04 14:25:16,4048,1,20,40.832314,-73.94102,St. Nicholas Ave & W 157 St
2020-10-04 14:23:28,405,1,51,40.739323,-74.00812,Washington St & Gansevoort St
2020-10-04 14:23:07,4058,0,41,40.75863,-73.97513,Madison Av & E 51 St
2020-10-04 14:24:44,406,0,20,40.69513,-73.99595,Hicks St & Montague St
2020-10-04 14:19:22,4065,1,35,40.84847,-73.936066,Wadsworth Ave & W 179 St
2020-10-04 14:20:31,4068,0,30,40.852253,-73.93785,Fort Washington Ave & W 183 St
2020-10-04 14:23:38,4072,0,40,40.757935,-73.9796,W 48 St & Rockefeller Plaza
2020-10-04 14:25:22,4075,0,38,40.78476,-73.969864,Central Park West & W 85 St
2020-10-04 14:17:02,4076,0,29,40.820087,-73.92895,E 150 St & Gerard Ave
2020-10-04 14:24:43,408,0,23,40.710762,-73.994,Market St & Cherry St
2020-10-04 14:19:47,4098,2,20,40.839314,-73.922424,Shakespeare Ave & W 169 St
2020-10-04 14:23:36,410,2,45,40.720665,-73.985176,Suffolk St & Stanton St
2020-10-04 14:22:23,4103,2,19,40.834457,-73.92838,Ogden Ave & W 165 St
2020-10-04 14:24:33,4108,1,19,40.843266,-73.90487,Clay Ave & E 173 St
2020-10-04 14:22:40,411,1,31,40.722282,-73.976685,E 6 St & Avenue D
2020-10-04 14:22:24,4110,0,30,40.725067,-73.97516,Avenue D & E 10 St
2020-10-04 14:25:20,4117,0,27,40.66408,-73.96025,Sullivan Pl & Franklin Ave
2020-10-04 14:24:04,412,1,29,40.715816,-73.994225,Forsyth St & Canal St
2020-10-04 14:24:40,4121,1,53,40.74714,-73.97113,1 Ave & E 39 St
2020-10-04 14:25:41,4122,1,53,40.792496,-73.96417,Central Park W & W 97 St
2020-10-04 14:23:55,4124,2,48,40.788666,-73.9668,Central Park W & W 91 St
2020-10-04 14:20:24,4131,0,19,40.844074,-73.91726,Goble Pl & Macombs Rd
2020-10-04 14:18:08,4148,1,27,40.821968,-73.89675,Intervale Ave & Westchester Ave
2020-10-04 14:25:03,415,0,46,40.70472,-74.00926,Pearl St & Hanover Square
2020-10-04 14:20:27,4150,3,25,40.8361,-73.907196,E 170 St & Webster Ave
2020-10-04 14:24:48,4158,2,19,40.83053,-73.894714,Freeman St & Reverend James A Polite Ave
2020-10-04 14:24:44,4161,5,19,40.84224,-73.8985,3 Ave & E 174 St
2020-10-04 14:23:10,4162,3,19,40.834126,-73.88955,Southern Blvd & E 172 St
2020-10-04 14:24:53,4166,0,27,40.82441,-73.92818,River Ave & E 153 St
2020-10-04 14:24:07,4167,4,19,40.84301,-73.91172,Grand Concourse & East Mount Eden Ave
2020-10-04 14:23:35,418,1,23,40.70224,-73.982574,Front St & Gold St
2020-10-04 14:21:05,419,0,23,40.69581,-73.97356,Carlton Ave & Park Ave
2020-10-04 14:23:15,4191,1,20,40.8273,-73.89637,Intervale Ave & Kelly St
2020-10-04 14:25:22,4193,2,21,40.85168,-73.94186,W 181 St & Riverside Dr
2020-10-04 14:25:31,420,0,51,40.687645,-73.96969,Clermont Ave & Lafayette Ave
2020-10-04 14:17:17,422,0,78,40.77051,-73.98804,W 59 St & 10 Ave
2020-10-04 14:23:52,423,1,27,40.76585,-73.98691,W 54 St & 9 Ave
2020-10-04 14:25:16,426,1,30,40.71755,-74.01322,West St & Chambers St
2020-10-04 14:25:48,432,2,31,40.72622,-73.983795,E 7 St & Avenue A
2020-10-04 14:23:45,434,0,60,40.743176,-74.00366,9 Ave & W 18 St
2020-10-04 14:25:22,435,0,50,40.74174,-73.994156,W 21 St & 6 Ave
2020-10-04 14:19:00,438,0,47,40.72779,-73.98565,St Marks Pl & 1 Ave
2020-10-04 14:23:29,439,0,39,40.72628,-73.98978,E 4 St & 2 Ave
2020-10-04 14:25:36,442,1,51,40.746647,-73.99391,W 27 St & 7 Ave
2020-10-04 14:25:29,443,0,23,40.70853,-73.96409,Bedford Ave & S 9 St
2020-10-04 14:21:14,445,0,80,40.72741,-73.98142,E 10 St & Avenue A
2020-10-04 14:25:46,446,1,79,40.744877,-73.9953,W 24 St & 7 Ave
2020-10-04 14:24:59,447,0,31,40.763706,-73.98516,8 Ave & W 52 St
2020-10-04 14:23:38,448,0,27,40.756603,-73.9979,W 37 St & 10 Ave
2020-10-04 14:25:15,450,0,67,40.76227,-73.987885,W 49 St & 8 Ave
2020-10-04 14:25:46,453,0,66,40.74475,-73.99915,W 22 St & 8 Ave
2020-10-04 14:17:20,454,0,35,40.75456,-73.96593,E 51 St & 1 Ave
2020-10-04 14:21:35,456,2,34,40.759712,-73.97402,E 53 St & Madison Ave
2020-10-04 14:24:52,458,1,31,40.751396,-74.005226,11 Ave & W 27 St
2020-10-04 14:24:28,460,2,25,40.71286,-73.965904,S 4 St & Wythe Ave
2020-10-04 14:23:45,464,0,53,40.759346,-73.9676,E 56 St & 3 Ave
2020-10-04 14:25:49,466,0,35,40.743954,-73.99145,W 25 St & 6 Ave
2020-10-04 14:25:05,468,2,65,40.765266,-73.981926,Broadway & W 56 St
2020-10-04 14:24:28,469,1,57,40.76344,-73.98268,Broadway & W 53 St
2020-10-04 14:25:45,470,1,72,40.743454,-74.00004,W 20 St & 8 Ave
2020-10-04 14:25:50,471,2,31,40.712868,-73.95698,Grand St & Havemeyer St
2020-10-04 14:25:32,472,0,55,40.745712,-73.98195,E 32 St & Park Ave
2020-10-04 14:22:57,474,0,56,40.745167,-73.98683,5 Ave & E 29 St
2020-10-04 14:23:54,476,0,65,40.743942,-73.97966,E 31 St & 3 Ave
2020-10-04 14:24:55,477,0,71,40.756405,-73.99003,W 41 St & 8 Ave
2020-10-04 14:22:47,478,1,37,40.7603,-73.99884,11 Ave & W 41 St
2020-10-04 14:21:49,479,0,31,40.760193,-73.99126,9 Ave & W 45 St
2020-10-04 14:24:56,480,0,29,40.766697,-73.990616,W 53 St & 10 Ave
2020-10-04 14:25:14,481,0,25,40.712605,-73.96265,S 3 St & Bedford Ave
2020-10-04 14:24:46,482,1,79,40.739357,-73.99932,W 15 St & 7 Ave
2020-10-04 14:23:54,483,0,34,40.73223,-73.9889,E 12 St & 3 Ave
2020-10-04 14:21:00,484,0,46,40.755,-73.98014,W 44 St & 5 Ave
2020-10-04 14:23:24,485,0,40,40.75038,-73.98339,W 37 St & 5 Ave
2020-10-04 14:19:27,486,1,41,40.7462,-73.988556,Broadway & W 29 St
2020-10-04 14:25:47,487,0,35,40.733143,-73.97574,E 20 St & FDR Drive
2020-10-04 14:24:38,489,0,49,40.750664,-74.00177,10 Ave & W 28 St
2020-10-04 14:22:09,490,2,66,40.751553,-73.993935,8 Ave & W 33 St
2020-10-04 14:21:53,493,0,34,40.7568,-73.98291,W 45 St & 6 Ave
2020-10-04 14:23:00,494,0,66,40.74735,-73.99724,W 26 St & 8 Ave
2020-10-04 14:23:05,495,0,39,40.7627,-73.99301,W 47 St & 10 Ave
2020-10-04 14:24:22,496,0,65,40.737263,-73.992386,E 16 St & 5 Ave
2020-10-04 14:25:15,497,1,66,40.73705,-73.99009,E 17 St & Broadway
2020-10-04 14:25:45,499,0,36,40.769154,-73.98192,Broadway & W 60 St
2020-10-04 14:25:21,500,0,52,40.762287,-73.98336,Broadway & W 51 St
2020-10-04 14:23:07,501,0,79,40.74422,-73.971214,FDR Drive & E 35 St
2020-10-04 14:23:23,502,1,36,40.71421,-73.981094,Henry St & Grand St
2020-10-04 14:23:07,503,0,31,40.738274,-73.98752,E 20 St & Park Ave
2020-10-04 14:19:33,504,0,54,40.73222,-73.98166,1 Ave & E 16 St
2020-10-04 14:24:34,505,0,52,40.749012,-73.98849,6 Ave & W 33 St
2020-10-04 14:23:50,508,0,25,40.763412,-73.99667,W 46 St & 11 Ave
2020-10-04 14:25:23,509,0,61,40.7455,-74.00197,9 Ave & W 22 St
2020-10-04 14:25:47,513,0,29,40.768253,-73.98864,W 56 St & 10 Ave
2020-10-04 14:24:18,514,0,52,40.760876,-74.00278,12 Ave & W 40 St
2020-10-04 14:25:47,515,0,79,40.760094,-73.99462,W 43 St & 10 Ave
2020-10-04 14:22:53,516,0,31,40.752068,-73.96784,E 47 St & 1 Ave
2020-10-04 14:25:46,517,0,69,40.75158,-73.97791,Pershing Square South
2020-10-04 14:24:49,519,1,69,40.751873,-73.97771,Pershing Square North
2020-10-04 14:25:03,525,1,56,40.755943,-74.00211,W 34 St & 11 Ave
2020-10-04 14:23:33,526,1,40,40.747658,-73.98491,E 33 St & 5 Ave
2020-10-04 14:23:23,528,0,39,40.74291,-73.97706,2 Ave & E 31 St
2020-10-04 14:25:44,529,0,41,40.75757,-73.99098,W 42 St & 8 Ave
2020-10-04 14:19:57,530,0,24,40.771496,-73.99046,11 Ave & W 59 St
2020-10-04 14:24:05,531,1,39,40.71894,-73.99266,Forsyth St & Broome St
2020-10-04 14:25:46,532,0,43,40.71045,-73.96088,S 5 Pl & S 5 St
2020-10-04 14:24:37,536,0,28,40.741444,-73.97536,1 Ave & E 30 St
2020-10-04 14:24:13,539,0,31,40.715347,-73.96024,Metropolitan Ave & Bedford Ave
2020-10-04 14:23:24,540,0,46,40.743114,-73.982155,Lexington Ave & E 29 St
2020-10-04 14:24:30,545,1,27,40.736504,-73.978096,E 23 St & 1 Ave
2020-10-04 14:20:17,546,0,45,40.74445,-73.98303,E 30 St & Park Ave S
2020-10-04 14:22:59,72,0,55,40.767273,-73.99393,W 52 St & 11 Ave
2020-10-04 14:23:54,79,1,33,40.719116,-74.00667,Franklin St & W Broadway
